Month,Product,TotalQuantity
2010-12,WORLD WAR 2 GLIDERS ASSTD DESIGNS,5139
2010-12,WHITE HANGING HEART T-LIGHT HOLDER,3611
2010-12,PACK OF 72 RETROSPOT CAKE CASES,3572
2010-12,HAND WARMER BABUSHKA DESIGN,3367
2010-12,MINI PAINT SET VINTAGE ,2700
2010-12,PACK OF 12 LONDON TISSUES ,2656
2010-12,GROW A FLYTRAP OR SUNFLOWER IN TIN,2616
2010-12,ASSORTED COLOUR BIRD ORNAMENT,2267
2010-12,CREAM HEART CARD HOLDER,2254
2010-12,RED  HARMONICA IN BOX ,2162
2011-01,MEDIUM CERAMIC TOP STORAGE JAR,74215
2011-01,WHITE HANGING HEART T-LIGHT HOLDER,5467
2011-01,PACK OF 72 RETROSPOT CAKE CASES,3329
2011-01,FAIRY CAKE FLANNEL ASSORTED COLOUR,3240
2011-01,BROCADE RING PURSE ,3174
2011-01,HEART OF WICKER SMALL,2830
2011-01,JUMBO BAG RED RETROSPOT,2625
2011-01,GIN + TONIC DIET METAL SIGN,2398
2011-01,CHINESE DRAGON PAPER LANTERNS,2124
2011-01,MINI PAINT SET VINTAGE ,1908
2011-02,EMPIRE DESIGN ROSETTE,3986
2011-02,GROW A FLYTRAP OR SUNFLOWER IN TIN,3795
2011-02,WORLD WAR 2 GLIDERS ASSTD DESIGNS,3457
2011-02,JUMBO BAG RED RETROSPOT,2971
2011-02,PACK OF 12 LONDON TISSUES ,2659
2011-02,SMALL POPCORN HOLDER,2505
2011-02,ESSENTIAL BALM 3.5g TIN IN ENVELOPE,2439
2011-02,ASSORTED COLOURS SILK FAN,2172
2011-02,PACK OF 72 RETROSPOT CAKE CASES,1912
2011-02,WHITE HANGING HEART T-LIGHT HOLDER,1823
2011-03,JUMBO BAG RED RETROSPOT,4924
2011-03,WORLD WAR 2 GLIDERS ASSTD DESIGNS,3888
2011-03,PACK OF 72 RETROSPOT CAKE CASES,3720
2011-03,PACK OF 12 LONDON TISSUES ,3519
2011-03,BROCADE RING PURSE ,3396
2011-03,ASSORTED COLOURS SILK FAN,2912
2011-03,JUMBO BAG STRAWBERRY,2839
2011-03,MINI PAINT SET VINTAGE ,2736
2011-03,JUMBO BAG PINK POLKADOT,2715
2011-03,PACK OF 60 PINK PAISLEY CAKE CASES,2628
2011-04,WORLD WAR 2 GLIDERS ASSTD DESIGNS,10224
2011-04,WHITE HANGING HEART T-LIGHT HOLDER,3725
2011-04,FAIRY CAKE FLANNEL ASSORTED COLOUR,3142
2011-04,PACK OF 72 RETROSPOT CAKE CASES,2816
2011-04,BALLOON WATER BOMB PACK OF 35,2641
2011-04,GROW A FLYTRAP OR SUNFLOWER IN TIN,2592
2011-04,PACK OF 60 PINK PAISLEY CAKE CASES,2526
2011-04,GIN + TONIC DIET METAL SIGN,2506
2011-04,PAPER CHAIN KIT EMPIRE,2387
2011-04,ASSORTED COLOUR BIRD ORNAMENT,2368
2011-05,SMALL POPCORN HOLDER,6738
2011-05,WORLD WAR 2 GLIDERS ASSTD DESIGNS,4944
2011-05,PACK OF 60 PINK PAISLEY CAKE CASES,3949
2011-05,ASSORTED COLOURS SILK FAN,3888
2011-05,WHITE HANGING HEART T-LIGHT HOLDER,3846
2011-05,JUMBO BAG RED RETROSPOT,3470
2011-05,PACK OF 72 RETROSPOT CAKE CASES,3212
2011-05,ASSORTED COLOUR BIRD ORNAMENT,3036
2011-05,PARTY BUNTING,3025
2011-05,COLOUR GLASS T-LIGHT HOLDER HANGING,2894
2011-06,JUMBO BAG RED RETROSPOT,3529
2011-06,ASSORTED COLOURS SILK FAN,3096
2011-06,BROCADE RING PURSE ,2988
2011-06,PACK OF 12 LONDON TISSUES ,2397
2011-06,COLOUR GLASS T-LIGHT HOLDER HANGING,2204
2011-06,SET OF 60 PANTRY DESIGN CAKE CASES ,2123
2011-06,JUMBO BAG PINK POLKADOT,2036
2011-06,JUMBO BAG STRAWBERRY,1988
2011-06,JUMBO BAG DOILEY PATTERNS,1948
2011-06,WORLD WAR 2 GLIDERS ASSTD DESIGNS,1920
2011-07,GIRLS ALPHABET IRON ON PATCHES ,4896
2011-07,WORLD WAR 2 GLIDERS ASSTD DESIGNS,3600
2011-07,ASSORTED COLOURS SILK FAN,3384
2011-07,ESSENTIAL BALM 3.5g TIN IN ENVELOPE,3206
2011-07,WHITE HANGING HEART T-LIGHT HOLDER,2971
2011-07,JUMBO BAG RED RETROSPOT,2970
2011-07,PACK OF 72 RETROSPOT CAKE CASES,2627
2011-07,SET OF 60 PANTRY DESIGN CAKE CASES ,2589
2011-07,PACK OF 60 PINK PAISLEY CAKE CASES,2387
2011-07,PARTY BUNTING,2305
2011-08,ASSORTED COLOUR BIRD ORNAMENT,6425
2011-08,JUMBO BAG RED RETROSPOT,5278
2011-08,POPCORN HOLDER,5186
2011-08,JUMBO BAG APPLES,3104
2011-08,PACK OF 72 RETROSPOT CAKE CASES,2837
2011-08,PACK OF 12 LONDON TISSUES ,2419
2011-08,JUMBO BAG ALPHABET,2369
2011-08,WORLD WAR 2 GLIDERS ASSTD DESIGNS,2256
2011-08,RED TOADSTOOL LED NIGHT LIGHT,2253
2011-08,PACK OF 60 PINK PAISLEY CAKE CASES,2227
2011-09,JUMBO BAG RED RETROSPOT,4177
2011-09,60 CAKE CASES VINTAGE CHRISTMAS,3669
2011-09,POPCORN HOLDER,3624
2011-09,WORLD WAR 2 GLIDERS ASSTD DESIGNS,3462
2011-09,MINI PAINT SET VINTAGE ,3314
2011-09,PACK OF 72 RETROSPOT CAKE CASES,3282
2011-09,ASSORTED COLOUR BIRD ORNAMENT,3016
2011-09,RED  HARMONICA IN BOX ,3000
2011-09,JUMBO BAG VINTAGE DOILY ,2679
2011-09,BUBBLEGUM RING ASSORTED,2629
2011-10,WORLD WAR 2 GLIDERS ASSTD DESIGNS,8174
2011-10,RABBIT NIGHT LIGHT,6249
2011-10,POPCORN HOLDER,5644
2011-10,JUMBO BAG RED RETROSPOT,5237
2011-10,PINK BLUE FELT CRAFT TRINKET BOX,4873
2011-10,60 CAKE CASES VINTAGE CHRISTMAS,3726
2011-10,VICTORIAN GLASS HANGING T-LIGHT,3293
2011-10,RED  HARMONICA IN BOX ,3263
2011-10,PAPER CHAIN KIT 50'S CHRISTMAS ,3243
2011-10,MINI PAINT SET VINTAGE ,3168
2011-11,ASSTD DESIGN 3D PAPER STICKERS,12551
2011-11,RABBIT NIGHT LIGHT,12393
2011-11,POPCORN HOLDER,8458
2011-11,PAPER CHAIN KIT 50'S CHRISTMAS ,5919
2011-11,JUMBO BAG RED RETROSPOT,5678
2011-11,ASSORTED COLOUR BIRD ORNAMENT,5190
2011-11,WOODEN STAR CHRISTMAS SCANDINAVIAN,4981
2011-11,WHITE HANGING HEART T-LIGHT HOLDER,4861
2011-11,WOODEN HEART CHRISTMAS SCANDINAVIAN,4582
2011-11,WORLD WAR 2 GLIDERS ASSTD DESIGNS,4500
2011-12,"PAPER CRAFT , LITTLE BIRDIE",80995
2011-12,POPCORN HOLDER,5362
2011-12,RABBIT NIGHT LIGHT,3691
2011-12,VINTAGE DOILY JUMBO BAG RED ,2086
2011-12,BLACK RECORD COVER FRAME,1464
2011-12,METAL SIGN TAKE IT OR LEAVE IT ,1451
2011-12,DISCO BALL CHRISTMAS DECORATION,1446
2011-12,PAPER CHAIN KIT 50'S CHRISTMAS ,1393
2011-12,WORLD WAR 2 GLIDERS ASSTD DESIGNS,1363
2011-12,ASSORTED COLOUR BIRD ORNAMENT,1274
